{"game":{"id":"245","name":"REST API TEST","template":"0","user_id":"1","category_id":"7","active":"1","icon":"new.png","length":"","timelimit":null,"description":"","levels":"1","alert":"{%check_your_first_level%}","featured":"0","last_update":"2015-07-23 17:24:34","max_actions":"999","custom_css":"","show_toplist":"0","register_email":"0","register_sms":"0","start_without_registration":"1","show_homepage":"0","choose_playername":"0","choose_avatar":"0","home_instructions":"","shorturl":"restapitest","custom_domain":"","notifyme":null,"skin":"modern","api_key":"d5bc2034a4994f88","api_secret_key":"0984147d89b2bd12","api_callback_url":"","api_enabled":"1","keen_api_enabled":"0","keen_api_master_key":"","keen_api_write_key":"","keen_api_read_key":"","keen_api_config":"","google_api_enabled":"0","google_api_code":"","google_api_config":null,"fb_api_enabled":"0","fb_api_id":"","fb_api_secret":"","fb_invite_points":"0","game_password":"","hide_points":"0","nickname_variable_id":"0","show_toplist_points":"0","show_toplist_entries":"0","profilepic_variable_id":"0","show_branches":"1","notifications_enabled":"1","cookie_lifetime":"0","notification_config":null,"perm_can_reset":"1","perm_can_delete":"1","lang_show":"0","lang_default":"en","secondary_points":"1","secondary_points_title":"p2","tertiary_points":"1","tertiary_points_title":"p3","primary_points_title":"pt","primary_points_shortname":"pt","secondary_points_shortname":"p2","tertiary_points_shortname":"p3","icon_primary_points":"star.png","icon_secondary_points":"xp.png","icon_tertiary_points":"heart.png","show_logo":"0","show_social":"0","custom_colors":"1","colors":{"text_color":"000000","icon_color":"000000","background_color":"eaeaea","button_text":"000000","dark_button_text":"ffffff","top_bar_text_color":"ffffff","top_bar_icon_color":"ffffff","button_more_info_color":"000000","button_more_info_icon":"ffffff","button_more_info_icon_color":"ffffff","button_more_info_text_color":"ffffff","button_icon_color":"ffffff","button_text_color":"ffffff","item_text_color":"ffffff","top_bar_color":"C40000","button_color":"000000","item_color":"919191","side_menu_color":"ffffff","side_menu_text_color":"000000"},"game_wide":"0","zip_period":"24","asset_migration":"0","thirdparty_api_config":null,"auth_config":null,"visual_config":null,"visual_config_params":null,"headboard_portrait":"changeme.jpg","headboard_landscape":"","background_image_landscape":"","background_image_portrait":"","logo":""},"mobile":{"game_id":"245","assets":{"login_teaser_image":"login_teaser_image.png","logo":"logo.png","main_menu_640x315":"main_menu_640x315.png","menu1":"menu1.png","menu2":"menu2.png","menu3":"menu3.png","menu4":"menu4.png","menu5":"menu5.png","menu6":"menu6.png","menu7":"menu7.png","menu8":"menu8.png","menu9":"menu9.png","menupic":"menupic.png","mobile_startup":"mobile_startup.png","points1":"points1.png","points2":"points2.png","points3":"points3.png","toaster":"toaster.png","app_icon_1024x1024":"app_icon_1024x1024.png","app_icon_80x80":"\/games\/245\/mobile\/assets\/app_icon_80x80.png","app_icon_58x58":"\/games\/245\/mobile\/assets\/app_icon_58x58.png","app_icon_120x120":"\/games\/245\/mobile\/assets\/app_icon_120x120.png","app_icon_512x512":"\/games\/245\/mobile\/assets\/app_icon_512x512.png","app_icon_144x144":"\/games\/245\/mobile\/assets\/app_icon_144x144.png","image_mobile_startup":"image_mobile_startup.png","image_mobile_startup_2":"image_mobile_startup_2.png","mp3_click":"mp3_click.mp3","mp3_mainmenu":"mp3_mainmenu.mp3","mp3_open_branch":"mp3_open_branch.mp3","mp3_points":"mp3_points.mp3","points1_icon":"points1.png","points2_icon":"points2.png","points3_icon":"points3.png"},"clientassets":"0","force_plaintext":"0","ios_enabled":"1","android_enabled":"1","push_enabled":"0","appstore_url":"","playstore_url":"","amazonstore_url":"","amazon_push_id":"","languages":"en","config_main":null,"lang_config_en":{"main_page":"Home","menu1":"Home","menu2":"Quiz","menu3":"My info","menu4":"Toplist","menu5":"About...","menu6":"More games","marketing_email":"You can email me about new apps","marketing_phone":"You can send me an sms about new apps","email":"e-mail","phone":"phone","change_info_intro":"Play me","month_toplist":"Month","alltime_toplist":"All time","friends_toplist":"Friends","application_title_splash":"Football 4ever!","application_title_menu":"Football 4ever!","mainmenu_play_now":"Play Now","mainmenu_top_players":"Top Players","own_points":"My Points","bonus_points":"Bonus points","hide":"Hide","choices":"\nanswers","text-1":"one","text-2":"two","text-3":"three","text-4":"four","invite_friend":"Invite friend","choose":"Choose","save":"Save","own_info":"My info","fb_login":"Login","fb_logout":"Logout","mobile_client_facebook_connect":"Connect via Facebook","main_teaser_loggedin":"","toplist_nologin":"You need to login with Facebook in order to view your friends scores.","connection_lost":"Connection Lost","done_screen_title":"Finished","more":"More","less":"Hide","anonymous":"Anonymous","login_reward":"you get +6 bonus points for login","toplist_not_loggedin":"Please login","continue":"Continue \u203a","remember_numbers":"Learn the number sequence","repeat_numbers":"Repeat the number sequence","capture_photo":"Take photo","choose_photo":"Choose from library...","backbtn":"back","login_username":"email","login_password":"password","login_lost_password":"Lost password?","login_privacy":"Privacy","login_register":"Registration","password_lost_title":"Recover password","password_lost_field":"email","password_lost_button":"send","password_lost_confirmation":"Your password is now reset. Check your email."},"lang_config_fi":{"main_page":"Etusivu","menu1":"Etusivu","menu2":"P\u00e4iv\u00e4n kysymykset","menu3":"Omat tiedot","menu4":"Parhaat pelaajat","menu5":"Kuukausiarvonta","menu6":"P\u00e4iv\u00e4n tarjoukset","marketing_email":"Minulle saa l\u00e4hett\u00e4\u00e4 tarjouksia ja markkinointiviestej\u00e4 s\u00e4hk\u00f6postilla","marketing_phone":"Minulle saa l\u00e4hett\u00e4\u00e4 tarjouksia ja markkinointiviestej\u00e4 sms-viestill\u00e4","email":"S\u00e4hk\u00f6posti","phone":"Puhelin","change_info_intro":"Tarkistathan, ett\u00e4 yhteystietosi ovat oikein. Kuukausiarvoinnoissa ovat mukana vain pelaajat, joilla on yhteystiedot ajan tasalla ja jotka ovat kuukauden aikana ker\u00e4nneet v\u00e4hint\u00e4\u00e4n kymmenen pistett\u00e4","month_toplist":"Kuukausi","alltime_toplist":"Top 10","friends_toplist":"Kaverit","application_title_splash":"SANAVARASTO","application_title_menu":"SANAVARASTO","mainmenu_play_now":"Pelaa nyt","mainmenu_top_players":"Parhaat pelaajat","own_points":"Omat pisteet","bonus_points":"Bonus-pisteet","hide":"Piilota","choices":"vaihtoehto(a)","text-1":"yksi","text-2":"kaksi","text-3":"kolme","text-4":"nelj\u00e4","invite_friend":"Kutsu kaveri","choose":"Valitse","save":"Tallenna","own_info":"Muuta omia tietoja","fb_login":"Kirjaudu","fb_logout":"Kirjaudu ulos","mobile_client_facebook_connect":"Kirjaudu, jotta voit jatkaa pelaamista siit\u00e4 mihin j\u00e4it & osallistuaksesi arvontoihin.","main_teaser_loggedin":"Klikkaa t\u00e4st\u00e4 tietoa t\u00e4m\u00e4n kuukauden arvonnoista.","toplist_nologin":"Tunnistaudu Facebook-tunnuksilla n\u00e4hd\u00e4ksesi miten yst\u00e4v\u00e4si p\u00e4rj\u00e4\u00e4v\u00e4t. Emme koskaan postita Facebookkiin mit\u00e4\u00e4n ilman hyv\u00e4ksynt\u00e4\u00e4si!","connection_lost":"Sovellus vaatii internet-yhteyden. Tarkista yhteytesi ja yrit\u00e4 uudestaan.","done_screen_title":"Lis\u00e4\u00e4 kysymyksi\u00e4\nhuomenna!","more":"Lis\u00e4\u00e4..","less":"Pienenn\u00e4..","anonymous":"Tuntematon","login_reward":"+6 bonuspistett\u00e4 kirjautumisesta ","toplist_not_loggedin":"Kirjaudu n\u00e4hd\u00e4ksesi oma sijoituksesi","continue":"Jatka \u203a","remember_numbers":"Opettele numerosarja","repeat_numbers":"Toista \u00e4sken n\u00e4kem\u00e4si numerosarja","backbtn":"takaisin","login_username":"s\u00e4hk\u00f6posti","login_password":"salasana","login_lost_password":"Salasana hukassa?","login_privacy":"Yksityisyys","login_register":"Rekister\u00f6idy"},"lang_config_bg":{"main_page":"??????","menu1":"??????","menu2":"????","menu3":"????? ??????????","menu4":"????????","menu5":"???????...","menu6":"??? ????","marketing_email":"???? ?? ????????? ????????? ?-???? ?? ???? ?????????","marketing_phone":"???? ?? ????????? ??? ?? ???? ?????????","email":"?-????","phone":"???????","change_info_intro":"?????","month_toplist":"?????","alltime_toplist":"?? ????????","friends_toplist":"????????","application_title_splash":"?????? ????????!","application_title_menu":"?????? ????????!","mainmenu_play_now":"?????","mainmenu_top_players":"??? ??????","own_points":"????? ?????","bonus_points":"????? ?????","hide":"?????","choices":"????????","text-1":"????","text-2":"???","text-3":"???","text-4":"??????","invite_friend":"?????? ???????","choose":"??????","save":"??????","own_info":"????? ??????????","fb_login":"????","fb_logout":"?????","mobile_client_facebook_connect":"???? ? Facebook","main_teaser_loggedin":"","toplist_nologin":"?????? ?? ?????? ??? ???? Facebook ?? ?? ????? ?????????? ??","connection_lost":"???????? ??????????","done_screen_title":"????","more":"??????","less":"?????","anonymous":"????????","login_reward":"????????? +6 ????? ????? ?? ????","toplist_not_loggedin":"???? ????","continue":"???????? \u203a","remember_numbers":"?????? ????????? ????????????????","repeat_numbers":"??????? ????????? ????????????????","backbtn":"","login_username":"email","login_password":"password","login_lost_password":"Lost password?","login_privacy":"Privacy","login_register":"Registration"},"config_profilepage":{"profilepage":{"picture":true,"display_variables":[{"name":"name","email":"email","phone":"phone"}],"change_info":true,"change_info_intro":"{#change_info_intro#}","change_info_variables":[{"email":{"variable_name":"email","field_title":"{#email#}","field_type":"text"},"marketing_email":{"variable_name":"marketing_email","field_title":"{#marketing_email#}","field_type":"checkbox"},"phone":{"variable_name":"phone","field_title":"{#phone#}","field_type":"text"},"marketing_phone":{"variable_name":"marketing_phone","field_title":"{#marketing_phone#}","field_type":"checkbox"}}]}},"config_mainpage":null,"config_toplist":{"toplist":{"invite_friends":true,"invite_friends_points":"5","title1":"{#month_toplist#}","title1_endpoint":"points\/toplist?extravars=real_name&timelimit=month&limit=10","title2":"{#alltime_toplist#}","title2_endpoint":"points\/toplist?extravars=real_name&timelimit=alltime&limit=10","title3":"{#friends_toplist#}","title3_endpoint":"points\/toplist?extravars=real_name&friends=1&timelimit=alltime&limit=10"}},"config_mainmenu":{"mainmenu":[{"title":"{#menu1#}","icon":"menu1.png","action":"func_mainpage"}]},"config_menu_sidemenu":null,"config_menu_mainmenu":0,"google_project_id":"","apple_push_cert":"","google_api_key":"0","notification_config":null},"branches":[{"branch":{"id":"4636","game_id":"245","trigger_id":"previousbranchcomplete","order":"1","background_image":"","import_id":"0","trigger_config":"","channel_id":null,"name":"First level","active":"1","template":"0","trigger_value":"","exclude_from_listing":"0","agressive_loading":"0","description":"","reset_other_actions":"0","timelimit":"0","branch_id_aftertime":"0","visibility_in_listing":"","icon":"","image_portrait":"","menu_image":"","action_list":"0","custom_colors":"0","colors":"","background_image_portrait":"","image_landscape":"","background_image_landscape":"","infinite":"0","random_order":"0","hide_menubar_mainmenu":"0","config":""},"actions":[{"pointsystem_id":"0","trigger_time":"00:00:00","timebomb":"00:00:00","repeat":"0","repeat_value":"1","id":"40856","branch_id":"4636","channel_id":null,"parent_id":null,"trigger_id":"previouscompleted","type_id":"invisible","role_id":null,"secondary_points":"2","tertiary_points":"2","timelimit":"00:00:00","trigger_config":"{\"limit_from\":\"\",\"limit_to\":\"\",\"send_night_sms\":\"0\"}","component_config":"","order":"1","name":"Add points","config":"{\"show_shopping_button\":\"0\",\"show_more_info_button\":\"0\",\"show_custom_view_button\":\"0\",\"show_ads\":\"0\",\"skip_action_posibility\":\"0\",\"hide_menubar\":\"0\",\"hide_subject\":\"0\",\"backarrow\":\"0\",\"icon\":\"\",\"variable_icon\":\"0\",\"overlay_icon\":\"0\",\"textstyle_icon\":\"text_overlay\",\"overlayposition_icon\":\"left_top\",\"effect_icon\":\"no_effect\",\"crop_icon\":\"no_crop\",\"bckgr_img_portrait\":\"\",\"variable_bckgr_img_portrait\":\"0\",\"overlay_bckgr_img_portrait\":\"0\",\"textstyle_bckgr_img_portrait\":\"text_overlay\",\"overlayposition_bckgr_img_portrait\":\"left_top\",\"effect_bckgr_img_portrait\":\"no_effect\",\"crop_bckgr_img_portrait\":\"no_crop\",\"image_portrait\":\"\",\"variable_image_portrait\":\"0\",\"overlay_image_portrait\":\"0\",\"textstyle_image_portrait\":\"text_overlay\",\"overlayposition_image_portrait\":\"left_top\",\"effect_image_portrait\":\"no_effect\",\"crop_image_portrait\":\"no_crop\",\"bckgr_img_landscape\":\"\",\"variable_bckgr_img_landscape\":\"0\",\"overlay_bckgr_img_landscape\":\"0\",\"textstyle_bckgr_img_landscape\":\"text_overlay\",\"overlayposition_bckgr_img_landscape\":\"left_top\",\"effect_bckgr_img_landscape\":\"no_effect\",\"crop_bckgr_img_landscape\":\"no_crop\",\"image_landscape\":\"\",\"variable_image_landscape\":\"0\",\"overlay_image_landscape\":\"0\",\"textstyle_image_landscape\":\"text_overlay\",\"overlayposition_image_landscape\":\"left_top\",\"effect_image_landscape\":\"no_effect\",\"crop_image_landscape\":\"no_crop\",\"image_menu\":\"\",\"variable_image_menu\":\"0\",\"overlay_image_menu\":\"0\",\"textstyle_image_menu\":\"text_overlay\",\"overlayposition_image_menu\":\"left_top\",\"effect_image_menu\":\"no_effect\",\"crop_image_menu\":\"no_crop\",\"audio\":\"\",\"variable_audio\":\"0\",\"overlay_audio\":\"0\",\"textstyle_audio\":\"text_overlay\",\"overlayposition_audio\":\"left_top\",\"effect_audio\":\"no_effect\",\"crop_audio\":\"no_crop\",\"video\":\"\",\"variable_video\":\"0\",\"overlay_video\":\"0\",\"textstyle_video\":\"text_overlay\",\"overlayposition_video\":\"left_top\",\"effect_video\":\"no_effect\",\"crop_video\":\"no_crop\",\"stream\":\"\",\"excel_export\":\"0\",\"logic\":\"0\",\"fb_share_action\":\"0\",\"advertising_interstitial\":\"0\",\"adcolony_zoneid\":\"\"}","points":"2","negative_points":"0","requires_points":"0","requires_role":"0","active":"1","introtext":"","trigger_value":"","activate_branch_id":"0","buttontxt":"","remains_visible":"0","editable":"0","pill_name":"","commenting":"0","commenting_brief":"","add_time":"0","subtract_time":"0","tomenu":"0","custom_colors":"0","colors":""},{"pointsystem_id":"0","trigger_time":"00:00:00","timebomb":"00:00:00","repeat":"0","repeat_value":"1","id":"40858","branch_id":"4636","channel_id":null,"parent_id":null,"trigger_id":"previouscompleted","type_id":"mail","role_id":null,"secondary_points":"0","tertiary_points":"0","timelimit":"00:00:00","trigger_config":"{\"limit_from\":\"\",\"limit_to\":\"\",\"send_night_sms\":\"0\"}","component_config":"","order":"2","name":"Hello world!","config":"{\"subject\":\"Hello world!\",\"msg\":\"<p>Hello world!<\\\/p>\",\"shortmsg\":\"\",\"show_shopping_button\":\"0\",\"show_more_info_button\":\"0\",\"show_custom_view_button\":\"0\",\"show_ads\":\"0\",\"skip_action_posibility\":\"0\",\"hide_menubar\":\"0\",\"hide_subject\":\"0\",\"backarrow\":\"0\",\"icon\":\"\",\"variable_icon\":\"0\",\"overlay_icon\":\"0\",\"textstyle_icon\":\"text_overlay\",\"overlayposition_icon\":\"left_top\",\"effect_icon\":\"no_effect\",\"crop_icon\":\"no_crop\",\"bckgr_img_portrait\":\"\",\"variable_bckgr_img_portrait\":\"0\",\"overlay_bckgr_img_portrait\":\"0\",\"textstyle_bckgr_img_portrait\":\"text_overlay\",\"overlayposition_bckgr_img_portrait\":\"left_top\",\"effect_bckgr_img_portrait\":\"no_effect\",\"crop_bckgr_img_portrait\":\"no_crop\",\"image_portrait\":\"\",\"variable_image_portrait\":\"0\",\"overlay_image_portrait\":\"0\",\"textstyle_image_portrait\":\"text_overlay\",\"overlayposition_image_portrait\":\"left_top\",\"effect_image_portrait\":\"no_effect\",\"crop_image_portrait\":\"no_crop\",\"bckgr_img_landscape\":\"\",\"variable_bckgr_img_landscape\":\"0\",\"overlay_bckgr_img_landscape\":\"0\",\"textstyle_bckgr_img_landscape\":\"text_overlay\",\"overlayposition_bckgr_img_landscape\":\"left_top\",\"effect_bckgr_img_landscape\":\"no_effect\",\"crop_bckgr_img_landscape\":\"no_crop\",\"image_landscape\":\"\",\"variable_image_landscape\":\"0\",\"overlay_image_landscape\":\"0\",\"textstyle_image_landscape\":\"text_overlay\",\"overlayposition_image_landscape\":\"left_top\",\"effect_image_landscape\":\"no_effect\",\"crop_image_landscape\":\"no_crop\",\"image_menu\":\"\",\"variable_image_menu\":\"0\",\"overlay_image_menu\":\"0\",\"textstyle_image_menu\":\"text_overlay\",\"overlayposition_image_menu\":\"left_top\",\"effect_image_menu\":\"no_effect\",\"crop_image_menu\":\"no_crop\",\"audio\":\"\",\"variable_audio\":\"0\",\"overlay_audio\":\"0\",\"textstyle_audio\":\"text_overlay\",\"overlayposition_audio\":\"left_top\",\"effect_audio\":\"no_effect\",\"crop_audio\":\"no_crop\",\"video\":\"\",\"variable_video\":\"0\",\"overlay_video\":\"0\",\"textstyle_video\":\"text_overlay\",\"overlayposition_video\":\"left_top\",\"effect_video\":\"no_effect\",\"crop_video\":\"no_crop\",\"stream\":\"\",\"excel_export\":\"0\",\"logic\":\"0\",\"fb_share_action\":\"0\",\"advertising_interstitial\":\"0\",\"adcolony_zoneid\":\"\"}","points":"5","negative_points":"0","requires_points":"0","requires_role":"0","active":"1","introtext":"","trigger_value":"","activate_branch_id":"0","buttontxt":"","remains_visible":"0","editable":"0","pill_name":"","commenting":"0","commenting_brief":"","add_time":"0","subtract_time":"0","tomenu":"0","custom_colors":"0","colors":""}]}],"variables":[{"id":"3037","name":"city","used_by_actions":"","set_on_players":"13","value_type":"text"},{"id":"3034","name":"name","used_by_actions":"","set_on_players":"0","value_type":"text"},{"id":"3038","name":"phone","used_by_actions":"","set_on_players":"0","value_type":"text"},{"id":"3035","name":"profilepic","used_by_actions":"","set_on_players":"0","value_type":"text"},{"id":"3036","name":"real_name","used_by_actions":"","set_on_players":"0","value_type":"text"},{"id":"3032","name":"system_push_id","used_by_actions":"","set_on_players":"15","value_type":"text"},{"id":"3031","name":"system_push_plattform","used_by_actions":"","set_on_players":"15","value_type":"text"},{"id":"3033","name":"system_source","used_by_actions":"","set_on_players":"0","value_type":"text"}],"export":{"user":"admin","time":1437662954,"version":"23.07.2015 - 9f04f7a","source":"http:\/\/ae.com"}}